id,challenge_id,user_id,team_id,ip,provided,type,date
55,31,4,,105873,c,incorrect,2019-11-20 16:17:17
58,31,7,,889454,b,incorrect,2019-11-20 16:17:49
62,36,4,,105873,b,incorrect,2019-11-20 16:18:13
67,35,7,,889454,c,incorrect,2019-11-20 16:18:37
73,37,7,,889454,d,incorrect,2019-11-20 16:19:00
75,37,7,,889454,b,incorrect,2019-11-20 16:19:08
77,37,7,,889454,c,incorrect,2019-11-20 16:19:12
78,38,7,,889454,d,incorrect,2019-11-20 16:19:22
80,38,7,,889454,a,incorrect,2019-11-20 16:19:26
82,35,4,,105873,e,incorrect,2019-11-20 16:19:31
87,40,7,,889454,b,incorrect,2019-11-20 16:19:48
92,53,4,,105873,c,incorrect,2019-11-20 16:20:19
94,33,8,,889454,b,incorrect,2019-11-20 16:20:26
96,33,8,,889454,a,incorrect,2019-11-20 16:20:34
97,33,8,,889454,d,incorrect,2019-11-20 16:20:44
103,35,8,,889454,c,incorrect,2019-11-20 16:21:40
104,35,8,,889454,a,incorrect,2019-11-20 16:21:50
106,36,8,,889454,e,incorrect,2019-11-20 16:23:01
108,37,8,,889454,d,incorrect,2019-11-20 16:23:31
110,37,8,,889454,c,incorrect,2019-11-20 16:23:44
118,73,6,,131761,a,incorrect,2019-11-20 16:25:37
119,41,8,,889454,d,incorrect,2019-11-20 16:25:41
120,73,6,,131761,d,incorrect,2019-11-20 16:25:46
121,41,8,,889454,a,incorrect,2019-11-20 16:25:50
122,73,6,,131761,b,incorrect,2019-11-20 16:25:51
123,41,8,,889454,b,incorrect,2019-11-20 16:25:59
132,32,10,,889454,a,incorrect,2019-11-20 16:27:23
137,49,8,,889454,True,incorrect,2019-11-20 16:27:54
139,33,10,,889454,a,incorrect,2019-11-20 16:28:02
141,33,10,,889454,d,incorrect,2019-11-20 16:28:14
142,51,8,,889454,False,incorrect,2019-11-20 16:28:25
145,52,6,,131761,b,incorrect,2019-11-20 16:28:59
146,52,6,,131761,a,incorrect,2019-11-20 16:29:14
158,53,8,,889454,a,incorrect,2019-11-20 16:35:06
159,53,8,,889454,c,incorrect,2019-11-20 16:35:16
160,53,8,,889454,d,incorrect,2019-11-20 16:35:22
167,31,12,,889454,b,incorrect,2019-11-20 16:37:34
168,31,12,,889454,d,incorrect,2019-11-20 16:37:42
170,31,12,,889454,c,incorrect,2019-11-20 16:37:46
173,31,13,,889454,d,incorrect,2019-11-20 16:38:08
175,31,13,,889454,d,incorrect,2019-11-20 16:38:20
182,34,11,,196819,c,incorrect,2019-11-20 16:39:29
183,34,11,,196819,a,incorrect,2019-11-20 16:39:38
184,34,11,,196819,b,incorrect,2019-11-20 16:39:46
185,61,8,,889454,d,incorrect,2019-11-20 16:39:54
189,33,13,,889454,b,incorrect,2019-11-20 16:40:51
191,33,13,,889454,a,incorrect,2019-11-20 16:41:07
192,33,13,,889454,d,incorrect,2019-11-20 16:41:15
193,41,6,,131761,d,incorrect,2019-11-20 16:41:17
195,41,6,,131761,a,incorrect,2019-11-20 16:41:24
199,34,13,,889454,a,incorrect,2019-11-20 16:41:47
200,34,13,,889454,b,incorrect,2019-11-20 16:41:56
201,34,13,,889454,c,incorrect,2019-11-20 16:42:00
202,40,6,,131761,c,incorrect,2019-11-20 16:42:02
203,68,8,,889454,b,incorrect,2019-11-20 16:42:02
205,40,6,,131761,b,incorrect,2019-11-20 16:42:07
206,31,15,,889454,b,incorrect,2019-11-20 16:42:07
213,32,15,,889454,b,incorrect,2019-11-20 16:42:55
215,34,12,,889454,c,incorrect,2019-11-20 16:43:04
220,33,11,,356013,d,incorrect,2019-11-20 16:43:20
223,33,11,,356013,b,incorrect,2019-11-20 16:43:26
224,35,12,,889454,a,incorrect,2019-11-20 16:43:29
225,33,11,,356013,a,incorrect,2019-11-20 16:43:31
226,35,12,,889454,c,incorrect,2019-11-20 16:43:38
227,72,8,,889454,b,incorrect,2019-11-20 16:43:41
228,35,12,,889454,b,incorrect,2019-11-20 16:43:42
229,34,16,,889454,b,incorrect,2019-11-20 16:43:45
231,35,11,,356013,e,incorrect,2019-11-20 16:43:47
232,34,16,,889454,c,incorrect,2019-11-20 16:43:52
233,73,8,,889454,a,incorrect,2019-11-20 16:43:57
235,34,16,,889454,a,incorrect,2019-11-20 16:44:03
236,73,8,,889454,a,incorrect,2019-11-20 16:44:06
238,73,8,,889454,b,incorrect,2019-11-20 16:44:10
239,37,11,,196819,d,incorrect,2019-11-20 16:44:17
240,37,11,,196819,c,incorrect,2019-11-20 16:44:28
242,35,16,,889454,c,incorrect,2019-11-20 16:44:33
243,74,8,,889454,a,incorrect,2019-11-20 16:44:34
247,39,11,,196819,d,incorrect,2019-11-20 16:44:53
248,39,11,,196819,a,incorrect,2019-11-20 16:44:57
263,53,11,,196819,a,incorrect,2019-11-20 16:46:41
264,53,11,,196819,c,incorrect,2019-11-20 16:47:15
265,31,18,,889454,D,incorrect,2019-11-20 16:48:58
267,36,6,,8421,b,incorrect,2019-11-20 16:49:51
269,32,18,,889454,B,incorrect,2019-11-20 16:50:02
271,37,6,,8421,d,incorrect,2019-11-20 16:50:24
272,37,6,,8421,b,incorrect,2019-11-20 16:50:37
285,40,16,,889454,b,incorrect,2019-11-20 16:53:27
286,40,16,,889454,c,incorrect,2019-11-20 16:53:35
291,41,16,,889454,a,incorrect,2019-11-20 16:54:00
293,41,16,,889454,d,incorrect,2019-11-20 16:54:06
298,32,21,,889454,a,incorrect,2019-11-20 16:54:27
302,51,6,,8421,false,incorrect,2019-11-20 16:54:41
303,31,22,,889454,c,incorrect,2019-11-20 16:54:51
306,31,22,,889454,b,incorrect,2019-11-20 16:55:11
312,31,22,,889454,d,incorrect,2019-11-20 16:55:33
314,34,21,,889454,c,incorrect,2019-11-20 16:55:36
319,35,21,,889454,a,incorrect,2019-11-20 16:56:04
320,49,16,,889454,true,incorrect,2019-11-20 16:56:10
324,51,16,,889454,false,incorrect,2019-11-20 16:56:41
327,53,16,,889454,c,incorrect,2019-11-20 16:57:25
330,55,16,,889454,a,incorrect,2019-11-20 16:58:00
331,55,16,,889454,b,incorrect,2019-11-20 16:58:04
332,37,21,,889454,b,incorrect,2019-11-20 16:58:08
334,37,21,,889454,d,incorrect,2019-11-20 16:58:16
336,56,16,,889454,c,incorrect,2019-11-20 16:58:22
337,56,16,,889454,d,incorrect,2019-11-20 16:58:26
338,56,16,,889454,a,incorrect,2019-11-20 16:58:32
345,39,21,,889454,a,incorrect,2019-11-20 16:59:11
350,40,21,,889454,c,incorrect,2019-11-20 16:59:35
353,40,21,,889454,d,incorrect,2019-11-20 16:59:46
355,40,21,,889454,b,incorrect,2019-11-20 16:59:51
358,31,19,,889454,b,incorrect,2019-11-20 17:00:10
360,31,19,,889454,c,incorrect,2019-11-20 17:00:43
365,42,21,,889454,True,incorrect,2019-11-20 17:01:16
382,34,19,,889454,b,incorrect,2019-11-20 17:02:47
389,67,16,,889454,d,incorrect,2019-11-20 17:03:57
392,67,16,,889454,b,incorrect,2019-11-20 17:04:06
396,49,21,,889454,true,incorrect,2019-11-20 17:04:24
398,68,16,,889454,b,incorrect,2019-11-20 17:04:29
400,50,21,,889454,true,incorrect,2019-11-20 17:04:38
404,69,16,,889454,a,incorrect,2019-11-20 17:04:55
409,37,19,,889454,d,incorrect,2019-11-20 17:05:20
410,47,22,,889454,false,incorrect,2019-11-20 17:05:26
415,72,16,,889454,b,incorrect,2019-11-20 17:05:56
421,73,16,,889454,b,incorrect,2019-11-20 17:06:36
422,53,21,,889454,a,incorrect,2019-11-20 17:06:38
423,73,16,,889454,d,incorrect,2019-11-20 17:06:40
424,53,21,,889454,d,incorrect,2019-11-20 17:06:42
425,36,22,,889454,b,incorrect,2019-11-20 17:06:43
427,73,16,,889454,a,incorrect,2019-11-20 17:06:51
428,53,21,,889454,c,incorrect,2019-11-20 17:06:51
429,36,22,,889454,c,incorrect,2019-11-20 17:07:17
430,40,19,,889454,b,incorrect,2019-11-20 17:07:18
432,74,16,,889454,a,incorrect,2019-11-20 17:07:27
433,40,19,,889454,c,incorrect,2019-11-20 17:07:28
434,74,16,,889454,b,incorrect,2019-11-20 17:07:32
435,54,21,,889454,true,incorrect,2019-11-20 17:07:34
436,74,16,,889454,c,incorrect,2019-11-20 17:07:36
437,40,19,,889454,d,incorrect,2019-11-20 17:07:46
442,49,22,,889454,true,incorrect,2019-11-20 17:08:21
443,41,19,,889454,d,incorrect,2019-11-20 17:08:42
444,56,21,,889454,,incorrect,2019-11-20 17:08:48
445,56,21,,889454,c,incorrect,2019-11-20 17:09:01
446,41,19,,889454,a,incorrect,2019-11-20 17:09:01
447,33,22,,889454,d,incorrect,2019-11-20 17:09:30
448,56,21,,889454,a,incorrect,2019-11-20 17:09:46
456,32,22,,889454,b,incorrect,2019-11-20 17:11:27
458,32,22,,889454,a,incorrect,2019-11-20 17:11:32
464,61,21,,889454,d,incorrect,2019-11-20 17:12:01
466,33,25,,135919,a,incorrect,2019-11-20 17:12:07
473,34,25,,135919,c,incorrect,2019-11-20 17:12:32
478,37,22,,889454,d,incorrect,2019-11-20 17:12:57
480,36,25,,135919,b,incorrect,2019-11-20 17:13:02
482,49,19,,889454,True,incorrect,2019-11-20 17:13:09
485,37,25,,135919,c,incorrect,2019-11-20 17:13:22
488,66,21,,889454,b,incorrect,2019-11-20 17:13:32
489,40,22,,889454,b,incorrect,2019-11-20 17:13:53
494,67,21,,889454,b,incorrect,2019-11-20 17:14:27
497,52,19,,889454,c,incorrect,2019-11-20 17:14:35
499,68,21,,889454,a,incorrect,2019-11-20 17:14:49
501,69,21,,889454,b,incorrect,2019-11-20 17:15:32
502,69,21,,889454,a,incorrect,2019-11-20 17:15:35
504,53,19,,889454,a,incorrect,2019-11-20 17:15:36
505,53,19,,889454,c,incorrect,2019-11-20 17:15:41
506,53,19,,889454,d,incorrect,2019-11-20 17:15:47
515,52,22,,889454,b,incorrect,2019-11-20 17:16:34
517,72,21,,889454,b,incorrect,2019-11-20 17:16:39
518,52,22,,889454,c,incorrect,2019-11-20 17:16:42
521,72,21,,889454,a,incorrect,2019-11-20 17:16:48
522,53,22,,889454,d,incorrect,2019-11-20 17:16:59
524,73,21,,889454,a,incorrect,2019-11-20 17:17:22
525,73,21,,889454,d,incorrect,2019-11-20 17:17:26
526,53,22,,889454,a,incorrect,2019-11-20 17:17:26
528,56,19,,889454,c,incorrect,2019-11-20 17:17:33
530,73,21,,889454,b,incorrect,2019-11-20 17:17:35
532,56,19,,889454,a,incorrect,2019-11-20 17:17:43
541,4,9,,889454,ZTY0,incorrect,2019-11-20 17:18:28
544,56,22,,889454,c,incorrect,2019-11-20 17:18:47
545,31,26,,889454,d,incorrect,2019-11-20 17:18:47
549,72,21,,889454,a,incorrect,2019-11-20 17:18:53
551,31,26,,889454,b,incorrect,2019-11-20 17:18:57
556,31,26,,889454,c,incorrect,2019-11-20 17:19:11
565,32,26,,889454,a,incorrect,2019-11-20 17:19:54
568,32,26,,889454,b,incorrect,2019-11-20 17:20:06
570,61,19,,889454,d,incorrect,2019-11-20 17:20:13
583,34,26,,889454,a,incorrect,2019-11-20 17:21:17
586,31,27,,889454,C,incorrect,2019-11-20 17:21:26
588,31,27,,889454,B,incorrect,2019-11-20 17:21:48
596,65,22,,889454,d,incorrect,2019-11-20 17:22:26
600,67,19,,889454,d,incorrect,2019-11-20 17:23:06
603,33,27,,889454,A,incorrect,2019-11-20 17:23:33
604,33,27,,889454,D,incorrect,2019-11-20 17:23:55
606,72,22,,889454,b,incorrect,2019-11-20 17:23:56
610,72,22,,889454,a,incorrect,2019-11-20 17:24:17
614,69,19,,889454,a,incorrect,2019-11-20 17:24:33
616,73,22,,889454,d,incorrect,2019-11-20 17:24:35
621,31,28,,889454,b,incorrect,2019-11-20 17:25:34
624,73,22,,889454,a,incorrect,2019-11-20 17:26:13
625,72,19,,889454,b,incorrect,2019-11-20 17:26:31
626,52,28,,889454,a,incorrect,2019-11-20 17:26:34
627,73,22,,889454,d,incorrect,2019-11-20 17:26:46
632,73,19,,889454,d,incorrect,2019-11-20 17:27:50
638,74,22,,889454,b,incorrect,2019-11-20 17:29:13
640,74,22,,889454,c,incorrect,2019-11-20 17:29:27
643,74,19,,889454,c,incorrect,2019-11-20 17:29:46
644,74,19,,889454,d,incorrect,2019-11-20 17:30:13
645,75,22,,889454,,incorrect,2019-11-20 17:30:15
646,75,22,,889454,b,incorrect,2019-11-20 17:30:22
647,74,19,,889454,a,incorrect,2019-11-20 17:30:22
648,74,19,,889454,b,incorrect,2019-11-20 17:30:29
654,68,22,,889454,b,incorrect,2019-11-20 17:31:27
660,69,22,,889454,a,incorrect,2019-11-20 17:31:54
662,68,25,,135919,b,incorrect,2019-11-20 17:32:03
673,76,22,,889454,2,incorrect,2019-11-20 17:32:44
675,76,22,,889454,a,incorrect,2019-11-20 17:32:57
677,76,22,,889454,c,incorrect,2019-11-20 17:33:04
684,31,31,,889454,d,incorrect,2019-11-20 17:37:56
685,31,31,,889454,c,incorrect,2019-11-20 17:38:03
689,31,32,,889454,c,incorrect,2019-11-20 17:40:50
690,31,32,,889454,d,incorrect,2019-11-20 17:41:23
748,76,32,,889454,c,incorrect,2019-11-20 17:53:43
749,33,33,,889454,a,incorrect,2019-11-20 17:53:47
751,33,33,,889454,d,incorrect,2019-11-20 17:53:58
752,31,34,,8421,d,incorrect,2019-11-20 17:53:58
754,33,33,,889454,b,incorrect,2019-11-20 17:54:10
755,33,32,,889454,a,incorrect,2019-11-20 17:54:22
759,33,32,,889454,d,incorrect,2019-11-20 17:54:35
763,31,33,,889454,c,incorrect,2019-11-20 17:54:59
766,73,32,,889454,b,incorrect,2019-11-20 17:55:17
769,35,33,,889454,c,incorrect,2019-11-20 17:55:23
771,35,33,,889454,e,incorrect,2019-11-20 17:55:35
774,35,33,,889454,b,incorrect,2019-11-20 17:55:48
775,53,32,,889454,a,incorrect,2019-11-20 17:55:52
780,36,33,,889454,e,incorrect,2019-11-20 17:56:27
782,36,33,,889454,b,incorrect,2019-11-20 17:56:33
784,56,32,,889454,a,incorrect,2019-11-20 17:56:50
785,37,33,,889454,c,incorrect,2019-11-20 17:57:03
789,37,33,,889454,d,incorrect,2019-11-20 17:57:11
792,32,35,,889454,b,incorrect,2019-11-20 17:57:39
798,41,33,,889454,a,incorrect,2019-11-20 17:58:48
816,41,26,,889454,a,incorrect,2019-11-20 18:05:23
826,45,37,,889454,false,incorrect,2019-11-20 18:12:36
833,33,34,,8421,b,incorrect,2019-11-20 18:13:57
839,51,37,,889454,False,incorrect,2019-11-20 18:15:26
851,66,37,,889454,d,incorrect,2019-11-20 18:17:47
852,66,37,,889454,ad,incorrect,2019-11-20 18:17:53
857,22,35,,889454,22211904-DDF5-4D0A-8A76-F73BCAF3D897,incorrect,2019-11-20 18:19:13
870,53,26,,889454,d,incorrect,2019-11-20 18:22:21
872,66,11,,183992,d,incorrect,2019-11-20 18:22:51
874,66,11,,183992,d,incorrect,2019-11-20 18:22:58
876,66,11,,183992,b,incorrect,2019-11-20 18:23:18
893,56,26,,889454,d,incorrect,2019-11-20 18:28:27
894,56,26,,889454,a,incorrect,2019-11-20 18:28:31
897,54,26,,889454,true,incorrect,2019-11-20 18:30:02
903,2,22,,889454,bmdJc,incorrect,2019-11-20 18:34:17
904,33,38,,889454,a,incorrect,2019-11-20 18:34:17
905,2,22,,889454,bmdJc,incorrect,2019-11-20 18:34:45
908,2,37,,889454,Zm9y,incorrect,2019-11-20 18:36:24
910,10,32,,889454,GVj,incorrect,2019-11-20 18:37:17
911,10,32,,889454,GVj,incorrect,2019-11-20 18:37:22
914,10,32,,889454,GVj,incorrect,2019-11-20 18:38:23
920,31,43,,889454,b,incorrect,2019-11-20 18:39:22
925,41,38,,889454,a,incorrect,2019-11-20 18:40:04
929,33,43,,889454,a,incorrect,2019-11-20 18:40:29
931,33,43,,889454,d,incorrect,2019-11-20 18:40:51
933,34,43,,889454,a,incorrect,2019-11-20 18:41:34
934,34,43,,889454,c,incorrect,2019-11-20 18:41:48
935,52,38,,889454,b,incorrect,2019-11-20 18:42:07
936,34,43,,889454,b,incorrect,2019-11-20 18:42:08
938,52,38,,889454,c,incorrect,2019-11-20 18:42:46
944,53,38,,889454,a,incorrect,2019-11-20 18:43:39
948,37,43,,889454,d,incorrect,2019-11-20 18:45:45
950,37,43,,889454,c,incorrect,2019-11-20 18:45:52
951,68,37,,889454,b,incorrect,2019-11-20 18:46:15
952,37,43,,889454,c,incorrect,2019-11-20 18:46:17
964,40,43,,889454,b,incorrect,2019-11-20 18:49:53
968,41,43,,889454,a,incorrect,2019-11-20 18:50:48
986,52,43,,889454,a,incorrect,2019-11-20 18:53:35
990,53,43,,889454,a,incorrect,2019-11-20 18:54:21
992,54,43,,889454,true,incorrect,2019-11-20 18:54:42
994,55,43,,889454,a,incorrect,2019-11-20 18:55:06
1000,56,43,,889454,a,incorrect,2019-11-20 18:56:01
1010,34,44,,889454,a,incorrect,2019-11-20 18:57:27
1012,34,44,,889454,b,incorrect,2019-11-20 18:57:49
1013,34,44,,889454,c,incorrect,2019-11-20 18:57:55
1019,66,43,,889454,b,incorrect,2019-11-20 18:58:46
1020,35,44,,889454,b,incorrect,2019-11-20 18:58:48
1023,35,44,,889454,e,incorrect,2019-11-20 18:59:18
1024,68,43,,889454,b,incorrect,2019-11-20 18:59:25
1026,35,44,,889454,a,incorrect,2019-11-20 18:59:50
1029,35,44,,889454,c,incorrect,2019-11-20 19:00:05
1034,37,44,,889454,d,incorrect,2019-11-20 19:00:48
1035,73,43,,889454,d,incorrect,2019-11-20 19:00:48
1036,73,43,,889454,a,incorrect,2019-11-20 19:01:04
1037,37,44,,889454,b,incorrect,2019-11-20 19:01:04
1044,38,44,,889454,b,incorrect,2019-11-20 19:02:03
1047,31,46,,889454,b,incorrect,2019-11-20 19:02:23
1050,8,36,,889454,b2Rp,incorrect,2019-11-20 19:03:01
1052,40,44,,889454,c,incorrect,2019-11-20 19:03:26
1056,33,46,,889454,b,incorrect,2019-11-20 19:04:16
1058,33,46,,889454,a,incorrect,2019-11-20 19:04:36
1066,35,46,,889454,e,incorrect,2019-11-20 19:06:08
1072,31,50,,889454,b,incorrect,2019-11-20 19:06:36
1074,47,44,,889454,false,incorrect,2019-11-20 19:06:37
1078,49,44,,889454,true,incorrect,2019-11-20 19:07:07
1081,37,46,,889454,d,incorrect,2019-11-20 19:07:22
1082,50,44,,889454,true,incorrect,2019-11-20 19:07:27
1084,33,50,,889454,d,incorrect,2019-11-20 19:07:48
1085,33,50,,889454,a,incorrect,2019-11-20 19:08:01
1086,51,44,,889454,false,incorrect,2019-11-20 19:08:08
1087,33,50,,889454,b,incorrect,2019-11-20 19:08:08
1089,31,47,,828265,b,incorrect,2019-11-20 19:08:12
1093,38,46,,889454,d,incorrect,2019-11-20 19:08:29
1101,53,44,,889454,d,incorrect,2019-11-20 19:09:35
1103,53,44,,889454,c,incorrect,2019-11-20 19:09:49
1104,53,44,,889454,a,incorrect,2019-11-20 19:10:10
1105,34,50,,889454,c,incorrect,2019-11-20 19:10:10
1107,41,46,,889454,a,incorrect,2019-11-20 19:10:10
1111,35,50,,889454,a,incorrect,2019-11-20 19:10:44
1113,55,44,,889454,d,incorrect,2019-11-20 19:11:08
1119,37,50,,889454,b,incorrect,2019-11-20 19:12:16
1120,37,50,,889454,d,incorrect,2019-11-20 19:12:47
1125,56,44,,889454,d,incorrect,2019-11-20 19:13:20
1126,38,50,,889454,b,incorrect,2019-11-20 19:13:24
1132,2,43,,889454,C9C4AB3D-A17F-4EA7-A4E9-98B861C1F4F9,incorrect,2019-11-20 19:14:04
1133,47,46,,889454,false,incorrect,2019-11-20 19:14:05
1134,2,43,,889454,C9C4AB3D-A17F-4EA7-A4E9-98B861C1F4F9,incorrect,2019-11-20 19:14:24
1135,69,37,,889454,a,incorrect,2019-11-20 19:14:25
1136,40,50,,889454,c,incorrect,2019-11-20 19:14:26
1140,40,50,,889454,d,incorrect,2019-11-20 19:15:00
1144,40,50,,889454,b,incorrect,2019-11-20 19:15:44
1145,49,49,,889454,True,incorrect,2019-11-20 19:16:17
1148,49,46,,889454,true,incorrect,2019-11-20 19:16:37
1151,33,49,,889454,a,incorrect,2019-11-20 19:17:01
1152,52,46,,889454,a,incorrect,2019-11-20 19:17:02
1156,52,46,,889454,b,incorrect,2019-11-20 19:17:16
1157,41,50,,889454,b,incorrect,2019-11-20 19:17:17
1160,34,49,,889454,a,incorrect,2019-11-20 19:17:40
1163,52,46,,889454,c,incorrect,2019-11-20 19:17:47
1171,36,37,,889454,b,incorrect,2019-11-20 19:18:27
1172,53,46,,889454,d,incorrect,2019-11-20 19:18:27
1178,49,50,,889454,true,incorrect,2019-11-20 19:19:21
1181,36,37,,889454,b,incorrect,2019-11-20 19:19:40
1182,55,46,,889454,b,incorrect,2019-11-20 19:19:47
1184,37,49,,889454,b,incorrect,2019-11-20 19:20:16
1185,66,44,,889454,b,incorrect,2019-11-20 19:20:17
1187,37,49,,889454,d,incorrect,2019-11-20 19:20:22
1188,66,44,,889454,d,incorrect,2019-11-20 19:20:22
1191,31,51,,504129,,incorrect,2019-11-20 19:20:35
1192,37,49,,889454,c,incorrect,2019-11-20 19:20:35
1193,31,51,,504129,D,incorrect,2019-11-20 19:20:41
1194,55,46,,889454,a,incorrect,2019-11-20 19:20:43
1195,31,51,,504129,B,incorrect,2019-11-20 19:20:47
1196,67,44,,889454,a,incorrect,2019-11-20 19:20:47
1200,38,49,,889454,a,incorrect,2019-11-20 19:21:03
1201,37,51,,504129,D,incorrect,2019-11-20 19:21:06
1204,37,51,,504129,C,incorrect,2019-11-20 19:21:21
1208,53,50,,889454,a,incorrect,2019-11-20 19:21:28
1214,48,51,,504129,No,incorrect,2019-11-20 19:21:50
1215,53,50,,889454,d,incorrect,2019-11-20 19:21:51
1217,40,49,,889454,b,incorrect,2019-11-20 19:21:55
1219,53,50,,889454,c,incorrect,2019-11-20 19:22:08
1221,53,51,,504129,C,incorrect,2019-11-20 19:22:14
1223,53,51,,504129,A,incorrect,2019-11-20 19:22:18
1226,73,44,,889454,a,incorrect,2019-11-20 19:22:27
1227,73,44,,889454,d,incorrect,2019-11-20 19:22:32
1228,55,50,,889454,a,incorrect,2019-11-20 19:22:35
1229,73,44,,889454,b,incorrect,2019-11-20 19:22:42
1231,41,49,,889454,a,incorrect,2019-11-20 19:22:44
1232,73,46,,889454,d,incorrect,2019-11-20 19:22:48
1234,68,51,,504129,D,incorrect,2019-11-20 19:22:56
1235,73,46,,889454,b,incorrect,2019-11-20 19:23:00
1236,68,51,,504129,D,incorrect,2019-11-20 19:23:03
1237,73,46,,889454,a,incorrect,2019-11-20 19:23:05
1241,74,44,,889454,d,incorrect,2019-11-20 19:23:23
1245,57,50,,889454,false,incorrect,2019-11-20 19:23:33
1252,60,50,,889454,b,incorrect,2019-11-20 19:24:16
1253,60,50,,889454,a,incorrect,2019-11-20 19:24:23
1265,52,49,,889454,b,incorrect,2019-11-20 19:26:01
1266,52,49,,889454,a,incorrect,2019-11-20 19:26:06
1268,52,49,,889454,c,incorrect,2019-11-20 19:26:11
1271,53,49,,889454,d,incorrect,2019-11-20 19:26:56
1272,53,49,,889454,d,incorrect,2019-11-20 19:26:57
1280,36,37,,889454,b,incorrect,2019-11-20 19:28:38
1283,72,50,,889454,b,incorrect,2019-11-20 19:29:14
1287,73,50,,889454,d,incorrect,2019-11-20 19:29:35
1291,74,37,,889454,d,incorrect,2019-11-20 19:30:43
1303,31,53,,889454,d,incorrect,2019-11-20 19:36:07
1304,31,53,,889454,c,incorrect,2019-11-20 19:36:12
1305,31,53,,889454,b,incorrect,2019-11-20 19:36:16
1315,55,37,,889454,a,incorrect,2019-11-20 19:42:00
1316,55,37,,889454,a,incorrect,2019-11-20 19:42:17
1318,55,37,,889454,b,incorrect,2019-11-20 19:42:51
1320,53,37,,889454,c,incorrect,2019-11-20 19:43:39
1321,53,37,,889454,a,incorrect,2019-11-20 19:43:51
1329,34,37,,889454,a,incorrect,2019-11-20 19:45:31
1332,73,37,,889454,b,incorrect,2019-11-20 19:47:33
1333,57,37,,889454,False,incorrect,2019-11-20 19:47:50
1334,33,37,,889454,a,incorrect,2019-11-20 19:48:13
1337,37,37,,889454,d,incorrect,2019-11-20 19:49:14
1339,38,37,,889454,b,incorrect,2019-11-20 19:49:48
1341,38,37,,889454,a,incorrect,2019-11-20 19:50:05
1344,38,37,,889454,a,incorrect,2019-11-20 19:50:29
1353,34,47,,828265,a,incorrect,2019-11-20 19:55:03
1357,35,47,,828265,c,incorrect,2019-11-20 19:56:01
1359,35,47,,828265,a,incorrect,2019-11-20 19:56:13
1361,35,47,,828265,e,incorrect,2019-11-20 19:58:38
1363,36,47,,828265,b,incorrect,2019-11-20 19:59:51
1368,37,47,,828265,d,incorrect,2019-11-20 20:00:49
1370,38,47,,828265,b,incorrect,2019-11-20 20:01:26
1378,40,47,,828265,b,incorrect,2019-11-20 20:03:33
1380,40,47,,828265,c,incorrect,2019-11-20 20:03:39
1389,35,31,,889454,a,incorrect,2019-11-20 20:07:54
1391,35,31,,889454,c,incorrect,2019-11-20 20:08:03
1392,35,31,,889454,e,incorrect,2019-11-20 20:08:14
1395,31,57,,889454,b,incorrect,2019-11-20 20:08:41
1402,52,31,,889454,c,incorrect,2019-11-20 20:10:45
1405,53,31,,889454,a,incorrect,2019-11-20 20:11:37
1408,78,31,,889454,,incorrect,2019-11-20 20:12:12
1419,41,31,,889454,a,incorrect,2019-11-20 20:15:54
1422,41,31,,889454,d,incorrect,2019-11-20 20:17:56
1425,72,53,,889454,a,incorrect,2019-11-20 20:18:33
1426,72,53,,889454,b,incorrect,2019-11-20 20:18:44
1429,41,31,,889454,a,incorrect,2019-11-20 20:19:45
1430,74,53,,889454,a,incorrect,2019-11-20 20:19:47
1431,74,53,,889454,b,incorrect,2019-11-20 20:19:53
1432,74,53,,889454,c,incorrect,2019-11-20 20:19:59
1433,74,53,,889454,d,incorrect,2019-11-20 20:20:04
1434,31,59,,889454,c,incorrect,2019-11-20 20:20:06
1436,73,53,,889454,d,incorrect,2019-11-20 20:20:39
1437,73,53,,889454,a,incorrect,2019-11-20 20:20:56
1438,34,31,,889454,a,incorrect,2019-11-20 20:20:56
1439,73,53,,889454,b,incorrect,2019-11-20 20:21:06
1440,34,31,,889454,c,incorrect,2019-11-20 20:21:10
1446,34,59,,889454,c,incorrect,2019-11-20 20:22:00
1447,74,31,,889454,d,incorrect,2019-11-20 20:22:03
1450,35,59,,889454,e,incorrect,2019-11-20 20:22:23
1451,35,59,,889454,a,incorrect,2019-11-20 20:22:33
1454,32,36,,844646,b,incorrect,2019-11-20 20:22:58
1455,31,60,,889454,b,incorrect,2019-11-20 20:23:08
1456,31,60,,889454,d,incorrect,2019-11-20 20:23:36
1458,31,60,,889454,c,incorrect,2019-11-20 20:23:55
1460,37,59,,889454,d,incorrect,2019-11-20 20:24:51
1467,33,60,,889454,a,incorrect,2019-11-20 20:26:15
1468,33,60,,889454,d,incorrect,2019-11-20 20:26:28
1470,33,60,,889454,b,incorrect,2019-11-20 20:26:42
1472,34,60,,889454,c,incorrect,2019-11-20 20:27:01
1473,34,60,,889454,a,incorrect,2019-11-20 20:27:06
1475,34,60,,889454,c,incorrect,2019-11-20 20:27:11
1480,35,60,,889454,a,incorrect,2019-11-20 20:27:42
1481,35,60,,889454,e,incorrect,2019-11-20 20:27:57
1484,53,59,,889454,c,incorrect,2019-11-20 20:28:20
1485,53,59,,889454,a,incorrect,2019-11-20 20:28:24
1487,53,59,,889454,d,incorrect,2019-11-20 20:28:31
1488,37,60,,889454,b,incorrect,2019-11-20 20:28:42
1489,35,36,,844646,a,incorrect,2019-11-20 20:28:44
1490,37,60,,889454,d,incorrect,2019-11-20 20:28:46
1492,37,60,,889454,c,incorrect,2019-11-20 20:28:56
1500,41,60,,889454,d,incorrect,2019-11-20 20:30:15
1501,41,60,,889454,b,incorrect,2019-11-20 20:30:19
1502,37,36,,844646,d,incorrect,2019-11-20 20:30:21
1515,73,59,,889454,a,incorrect,2019-11-20 20:32:28
1516,73,59,,889454,d,incorrect,2019-11-20 20:32:33
1518,73,59,,889454,b,incorrect,2019-11-20 20:32:37
1520,49,60,,889454,true,incorrect,2019-11-20 20:33:30
1526,51,60,,889454,false,incorrect,2019-11-20 20:34:19
1528,51,59,,889454,false,incorrect,2019-11-20 20:34:39
1539,55,60,,889454,b,incorrect,2019-11-20 20:36:19
1541,55,60,,889454,a,incorrect,2019-11-20 20:36:27
1543,56,60,,889454,c,incorrect,2019-11-20 20:36:58
1544,56,60,,889454,a,incorrect,2019-11-20 20:37:03
1548,31,63,,889454,b,incorrect,2019-11-20 20:37:56
1549,37,65,,889454,d,incorrect,2019-11-20 20:38:02
1551,31,63,,889454,b,incorrect,2019-11-20 20:38:16
1557,41,65,,889454,a,incorrect,2019-11-20 20:39:02
1566,49,65,,889454,true,incorrect,2019-11-20 20:40:21
1568,31,67,,889454,B,incorrect,2019-11-20 20:41:09
1571,32,67,,889454,A,incorrect,2019-11-20 20:41:36
1575,55,65,,889454,b,incorrect,2019-11-20 20:42:10
1576,41,47,,629149,a,incorrect,2019-11-20 20:42:17
1577,33,67,,889454,D,incorrect,2019-11-20 20:42:23
1579,55,65,,889454,d,incorrect,2019-11-20 20:42:25
1584,56,65,,889454,a,incorrect,2019-11-20 20:43:17
1587,72,65,,889454,b,incorrect,2019-11-20 20:44:04
1589,56,65,,889454,c,incorrect,2019-11-20 20:44:28
1595,73,65,,889454,d,incorrect,2019-11-20 20:45:59
1596,73,65,,889454,a,incorrect,2019-11-20 20:46:06
1602,51,65,,889454,false,incorrect,2019-11-20 20:47:04
1604,33,66,,889454,b,incorrect,2019-11-20 20:47:28
1605,33,66,,889454,d,incorrect,2019-11-20 20:47:45
1607,33,66,,889454,a,incorrect,2019-11-20 20:47:53
1617,67,65,,889454,d,incorrect,2019-11-20 20:49:02
1619,34,66,,889454,b,incorrect,2019-11-20 20:49:06
1621,34,66,,889454,c,incorrect,2019-11-20 20:49:11
1623,34,66,,889454,a,incorrect,2019-11-20 20:49:24
1626,35,66,,889454,c,incorrect,2019-11-20 20:49:40
1629,35,66,,889454,b,incorrect,2019-11-20 20:49:50
1631,35,66,,889454,a,incorrect,2019-11-20 20:50:00
1632,35,66,,889454,e,incorrect,2019-11-20 20:50:09
1633,68,65,,889454,b,incorrect,2019-11-20 20:50:11
1639,37,66,,889454,b,incorrect,2019-11-20 20:51:00
1640,37,66,,889454,d,incorrect,2019-11-20 20:51:08
1641,52,47,,629149,c,incorrect,2019-11-20 20:51:12
1642,37,66,,889454,c,incorrect,2019-11-20 20:51:22
1644,38,66,,889454,a,incorrect,2019-11-20 20:51:45
1646,38,36,,844646,d,incorrect,2019-11-20 20:52:01
1652,41,66,,889454,d,incorrect,2019-11-20 20:53:02
1661,41,36,,844646,a,incorrect,2019-11-20 20:54:57
1671,42,36,,844646,true,incorrect,2019-11-20 20:56:00
1673,51,66,,889454,false,incorrect,2019-11-20 20:56:20
1676,52,66,,889454,a,incorrect,2019-11-20 20:56:44
1677,52,66,,889454,b,incorrect,2019-11-20 20:56:50
1680,52,66,,889454,c,incorrect,2019-11-20 20:56:56
1681,44,36,,844646,true,incorrect,2019-11-20 20:57:09
1684,53,66,,889454,a,incorrect,2019-11-20 20:57:43
1685,53,66,,889454,c,incorrect,2019-11-20 20:57:53
1687,53,66,,889454,d,incorrect,2019-11-20 20:58:02
1692,55,66,,889454,a,incorrect,2019-11-20 20:58:41
1693,55,66,,889454,d,incorrect,2019-11-20 20:58:47
1703,68,47,,629149,d,incorrect,2019-11-20 21:01:22
1704,60,66,,889454,b,incorrect,2019-11-20 21:01:22
1714,64,66,,889454,b,incorrect,2019-11-20 21:02:55
1716,72,47,,629149,b,incorrect,2019-11-20 21:03:07
1717,72,47,,629149,a,incorrect,2019-11-20 21:03:14
1720,73,47,,629149,a,incorrect,2019-11-20 21:03:31
1721,73,47,,629149,b,incorrect,2019-11-20 21:03:39
1722,66,66,,889454,d,incorrect,2019-11-20 21:03:44
1723,66,66,,889454,b,incorrect,2019-11-20 21:03:52
1724,66,66,,889454,c,incorrect,2019-11-20 21:03:59
1725,67,66,,889454,a,incorrect,2019-11-20 21:04:17
1727,68,66,,889454,b,incorrect,2019-11-20 21:04:46
1728,68,66,,889454,a,incorrect,2019-11-20 21:04:52
1734,73,66,,889454,d,incorrect,2019-11-20 21:06:39
1736,37,31,,196092,D,incorrect,2019-11-20 21:07:32
1737,73,66,,889454,a,incorrect,2019-11-20 21:07:32
1738,73,47,,629149,d,incorrect,2019-11-20 21:07:32
1739,73,66,,889454,b,incorrect,2019-11-20 21:07:43
1743,37,31,,196092,D,incorrect,2019-11-20 21:09:02
1745,37,31,,196092,C,incorrect,2019-11-20 21:09:18
1746,31,73,,889454,d,incorrect,2019-11-20 21:09:29
1749,33,73,,889454,a,incorrect,2019-11-20 21:10:29
1750,33,73,,889454,d,incorrect,2019-11-20 21:10:40
1751,33,73,,889454,b,incorrect,2019-11-20 21:10:47
1754,74,66,,889454,b,incorrect,2019-11-20 21:11:22
1756,34,73,,889454,c,incorrect,2019-11-20 21:11:42
1757,34,73,,889454,a,incorrect,2019-11-20 21:11:49
1759,75,66,,889454,b,incorrect,2019-11-20 21:11:55
1761,35,73,,889454,e,incorrect,2019-11-20 21:12:14
1763,35,73,,889454,c,incorrect,2019-11-20 21:12:20
1764,35,73,,889454,b,incorrect,2019-11-20 21:12:23
1768,78,66,,889454,,incorrect,2019-11-20 21:13:37
1782,31,72,,889454,d,incorrect,2019-11-20 21:19:36
1784,31,72,,889454,b,incorrect,2019-11-20 21:19:53
1788,31,72,,889454,c,incorrect,2019-11-20 21:20:04
1791,49,36,,844646,true,incorrect,2019-11-20 21:20:29
1801,50,36,,844646,true,incorrect,2019-11-20 21:21:56
1804,61,26,,183992,D,incorrect,2019-11-20 21:22:23
1808,33,72,,889454,d,incorrect,2019-11-20 21:22:39
1810,33,72,,889454,b,incorrect,2019-11-20 21:22:48
1812,33,72,,889454,a,incorrect,2019-11-20 21:22:55
1815,31,74,,889454,b,incorrect,2019-11-20 21:23:35
1818,66,26,,183992,C,incorrect,2019-11-20 21:24:02
1819,31,74,,889454,c,incorrect,2019-11-20 21:24:06
1820,75,36,,844646,b,incorrect,2019-11-20 21:24:07
1821,66,26,,183992,D,incorrect,2019-11-20 21:24:10
1823,31,74,,889454,d,incorrect,2019-11-20 21:24:12
1830,73,36,,844646,d,incorrect,2019-11-20 21:25:03
1831,73,36,,844646,b,incorrect,2019-11-20 21:26:03
1832,73,36,,844646,a,incorrect,2019-11-20 21:26:08
1834,31,75,,889454,b,incorrect,2019-11-20 21:27:21
1835,31,75,,889454,c,incorrect,2019-11-20 21:27:24
1840,34,75,,889454,a,incorrect,2019-11-20 21:28:36
1843,35,75,,889454,e,incorrect,2019-11-20 21:28:58
1849,37,75,,889454,d,incorrect,2019-11-20 21:29:47
1850,37,75,,889454,c,incorrect,2019-11-20 21:29:58
1872,32,78,,889454,c,incorrect,2019-11-20 21:32:25
1877,32,78,,889454,a,incorrect,2019-11-20 21:32:39
1882,33,78,,889454,a,incorrect,2019-11-20 21:33:21
1884,33,78,,889454,d,incorrect,2019-11-20 21:33:36
1885,33,78,,889454,b,incorrect,2019-11-20 21:33:43
1886,49,72,,889454,True,incorrect,2019-11-20 21:34:06
1895,31,79,,889454,d,incorrect,2019-11-20 21:35:44
1901,53,75,,889454,c,incorrect,2019-11-20 21:36:58
1904,53,75,,889454,a,incorrect,2019-11-20 21:37:29
1911,55,75,,889454,a,incorrect,2019-11-20 21:38:40
1912,55,75,,889454,b,incorrect,2019-11-20 21:38:44
1915,53,78,,889454,d,incorrect,2019-11-20 21:39:01
1916,53,78,,889454,a,incorrect,2019-11-20 21:39:05
1917,56,75,,889454,a,incorrect,2019-11-20 21:39:23
1924,55,78,,889454,d,incorrect,2019-11-20 21:40:06
1931,60,75,,889454,a,incorrect,2019-11-20 21:40:32
1932,60,75,,889454,c,incorrect,2019-11-20 21:40:37
1933,60,72,,889454,b,incorrect,2019-11-20 21:40:44
1937,61,75,,889454,d,incorrect,2019-11-20 21:40:58
1946,63,72,,889454,d,incorrect,2019-11-20 21:41:50
1947,34,78,,889454,a,incorrect,2019-11-20 21:41:54
1954,66,75,,889454,b,incorrect,2019-11-20 21:42:27
1955,66,72,,889454,d,incorrect,2019-11-20 21:42:36
1958,67,75,,889454,a,incorrect,2019-11-20 21:42:51
1962,68,72,,889454,a,incorrect,2019-11-20 21:43:17
1963,68,75,,889454,b,incorrect,2019-11-20 21:43:20
1972,72,75,,889454,b,incorrect,2019-11-20 21:45:14
1975,73,75,,889454,a,incorrect,2019-11-20 21:45:31
1977,73,75,,889454,d,incorrect,2019-11-20 21:45:54
1982,31,80,,889454,c,incorrect,2019-11-20 21:46:49
1983,74,75,,889454,b,incorrect,2019-11-20 21:46:58
1984,74,75,,889454,c,incorrect,2019-11-20 21:47:02
1985,31,80,,889454,d,incorrect,2019-11-20 21:47:05
1986,74,72,,889454,a,incorrect,2019-11-20 21:47:09
1996,33,80,,889454,a,incorrect,2019-11-20 21:48:24
1997,33,80,,889454,d,incorrect,2019-11-20 21:48:31
1998,33,80,,889454,b,incorrect,2019-11-20 21:48:45
2000,34,80,,889454,a,incorrect,2019-11-20 21:49:29
2002,35,80,,889454,c,incorrect,2019-11-20 21:50:05
2005,55,36,,844646,d,incorrect,2019-11-20 21:52:18
2007,36,80,,889454,e,incorrect,2019-11-20 21:52:37
2009,37,80,,889454,d,incorrect,2019-11-20 21:53:29
2013,56,36,,844646,c,incorrect,2019-11-20 21:57:01
2014,56,36,,844646,d,incorrect,2019-11-20 21:57:06
2017,31,82,,889454,b,incorrect,2019-11-20 21:57:38
2020,31,82,,889454,d,incorrect,2019-11-20 21:58:02
2026,33,82,,889454,b,incorrect,2019-11-20 21:59:13
2027,33,82,,889454,d,incorrect,2019-11-20 21:59:18
2028,33,82,,889454,a,incorrect,2019-11-20 21:59:29
2031,34,82,,889454,a,incorrect,2019-11-20 22:00:16
2036,35,82,,889454,b,incorrect,2019-11-20 22:01:00
2038,31,81,,889454,c,incorrect,2019-11-20 22:01:12
2046,37,82,,889454,d,incorrect,2019-11-20 22:02:36
2048,37,82,,889454,c,incorrect,2019-11-20 22:02:41
2049,35,83,,889454,a,incorrect,2019-11-20 22:02:48
2055,33,81,,889454,a,incorrect,2019-11-20 22:03:39
2057,33,81,,889454,b,incorrect,2019-11-20 22:03:51
2059,33,81,,889454,d,incorrect,2019-11-20 22:04:03
2060,37,83,,889454,b,incorrect,2019-11-20 22:04:04
2064,38,83,,889454,b,incorrect,2019-11-20 22:04:19
2066,39,83,,889454,d,incorrect,2019-11-20 22:04:47
2067,39,83,,889454,a,incorrect,2019-11-20 22:05:01
2069,39,83,,889454,c,incorrect,2019-11-20 22:05:06
2072,40,83,,889454,c,incorrect,2019-11-20 22:05:39
2081,51,82,,889454,false,incorrect,2019-11-20 22:08:42
2086,53,82,,889454,c,incorrect,2019-11-20 22:10:51
2087,53,82,,889454,d,incorrect,2019-11-20 22:11:05
2088,53,82,,889454,a,incorrect,2019-11-20 22:11:16
2094,77,36,,844646,QmFzZTY0RW5jb2RpbmdJc05vdEVuY3J5cHRpb25BbmRXaWxsTm90UHJvdGVjdEluZm9ybWF0aW9u,incorrect,2019-11-20 22:13:20
2096,56,82,,889454,c,incorrect,2019-11-20 22:14:15
2108,61,82,,889454,d,incorrect,2019-11-20 22:17:04
2111,31,86,,889454,b,incorrect,2019-11-20 22:17:27
2112,31,84,,889454,b,incorrect,2019-11-20 22:17:37
2114,31,86,,889454,d,incorrect,2019-11-20 22:17:38
2115,31,86,,889454,c,incorrect,2019-11-20 22:17:47
2119,33,86,,889454,a,incorrect,2019-11-20 22:18:12
2129,33,84,,889454,a,incorrect,2019-11-20 22:19:29
2130,33,84,,889454,ac,incorrect,2019-11-20 22:19:38
2132,68,82,,889454,b,incorrect,2019-11-20 22:19:56
2133,68,82,,889454,a,incorrect,2019-11-20 22:20:02
2135,34,84,,889454,a,incorrect,2019-11-20 22:20:24
2138,34,84,,889454,b,incorrect,2019-11-20 22:20:33
2142,72,86,,889454,a,incorrect,2019-11-20 22:20:56
2145,35,84,,889454,a,incorrect,2019-11-20 22:21:32
2146,73,86,,889454,a,incorrect,2019-11-20 22:21:32
2148,73,86,,889454,d,incorrect,2019-11-20 22:21:40
2149,35,84,,889454,e,incorrect,2019-11-20 22:21:44
2150,73,86,,889454,b,incorrect,2019-11-20 22:21:46
2152,73,82,,889454,d,incorrect,2019-11-20 22:22:17
2153,73,82,,889454,a,incorrect,2019-11-20 22:22:50
2154,73,82,,889454,b,incorrect,2019-11-20 22:23:03
2175,31,93,,889454,b,incorrect,2019-11-20 22:37:50
2176,31,93,,889454,c,incorrect,2019-11-20 22:38:03
2178,68,36,,889454,b,incorrect,2019-11-20 22:38:28
2182,7,82,,889454,b2Rp,incorrect,2019-11-20 22:39:12
2184,31,95,,889454,c,incorrect,2019-11-20 22:39:50
2185,31,95,,889454,b,incorrect,2019-11-20 22:40:29
2187,31,95,,889454,d,incorrect,2019-11-20 22:40:49
2192,33,95,,889454,a,incorrect,2019-11-20 22:42:32
2193,33,95,,889454,d,incorrect,2019-11-20 22:43:10
2196,33,95,,889454,b,incorrect,2019-11-20 22:43:45
2204,31,98,,249832,C,incorrect,2019-11-20 22:46:36
2209,33,98,,249832,a,incorrect,2019-11-20 22:47:44
2210,33,98,,249832,d,incorrect,2019-11-20 22:48:06
2213,34,98,,249832,b,incorrect,2019-11-20 22:48:41
2214,34,98,,249832,a,incorrect,2019-11-20 22:49:13
2222,31,99,,889454,d,incorrect,2019-11-20 22:57:08
2223,31,99,,889454,b,incorrect,2019-11-20 22:57:27
2227,31,99,,889454,c,incorrect,2019-11-20 22:58:57
2232,33,99,,889454,d,incorrect,2019-11-20 22:59:45
2235,31,106,,889454,b,incorrect,2019-11-20 23:00:07
2236,34,99,,889454,a,incorrect,2019-11-20 23:00:08
2237,31,106,,889454,d,incorrect,2019-11-20 23:00:17
2241,34,103,,889454,a,incorrect,2019-11-20 23:01:34
2243,34,103,,889454,a,incorrect,2019-11-20 23:02:09
2244,34,104,,889454,b,incorrect,2019-11-20 23:02:33
2249,32,106,,889454,a,incorrect,2019-11-20 23:04:03
2250,36,103,,889454,b,incorrect,2019-11-20 23:04:23
2251,32,106,,889454,c,incorrect,2019-11-20 23:04:26
2252,36,104,,889454,c,incorrect,2019-11-20 23:04:30
2256,37,103,,889454,c,incorrect,2019-11-20 23:05:15
2257,37,104,,889454,b,incorrect,2019-11-20 23:05:20
2258,37,104,,889454,d,incorrect,2019-11-20 23:05:24
2262,33,106,,889454,a,incorrect,2019-11-20 23:05:40
2263,33,106,,889454,d,incorrect,2019-11-20 23:05:54
2264,33,106,,889454,b,incorrect,2019-11-20 23:05:58
2266,34,106,,889454,b,incorrect,2019-11-20 23:06:34
2267,34,106,,889454,a,incorrect,2019-11-20 23:06:39
2269,31,101,,889454,d,incorrect,2019-11-20 23:06:45
2276,35,106,,889454,a,incorrect,2019-11-20 23:08:46
2277,35,106,,889454,e,incorrect,2019-11-20 23:08:56
2281,41,104,,889454,a,incorrect,2019-11-20 23:10:16
2283,41,103,,889454,b,incorrect,2019-11-20 23:10:32
2284,41,104,,889454,d,incorrect,2019-11-20 23:10:37
2289,37,106,,889454,d,incorrect,2019-11-20 23:11:14
2290,37,106,,889454,b,incorrect,2019-11-20 23:11:17
2292,37,106,,889454,c,incorrect,2019-11-20 23:11:23
2303,39,106,,889454,a,incorrect,2019-11-20 23:12:46
2305,39,106,,889454,a,incorrect,2019-11-20 23:13:42
2307,40,106,,889454,c,incorrect,2019-11-20 23:14:08
2310,49,103,,889454,True,incorrect,2019-11-20 23:14:14
2325,47,106,,889454,false,incorrect,2019-11-20 23:16:40
2327,52,104,,889454,a,incorrect,2019-11-20 23:17:51
2328,49,106,,889454,true,incorrect,2019-11-20 23:17:52
2329,52,103,,889454,c,incorrect,2019-11-20 23:18:01
2330,31,110,,889454,c,incorrect,2019-11-20 23:18:02
2332,52,104,,889454,b,incorrect,2019-11-20 23:18:05
2337,53,104,,889454,a,incorrect,2019-11-20 23:18:29
2341,32,110,,889454,b,incorrect,2019-11-20 23:18:55
2343,51,106,,889454,false,incorrect,2019-11-20 23:19:06
2349,34,110,,889454,c,incorrect,2019-11-20 23:20:05
2351,55,104,,889454,a,incorrect,2019-11-20 23:20:15
2352,55,103,,889454,b,incorrect,2019-11-20 23:20:18
2356,35,110,,889454,a,incorrect,2019-11-20 23:20:43
2357,56,104,,889454,d,incorrect,2019-11-20 23:20:44
2359,53,106,,889454,a,incorrect,2019-11-20 23:20:49
2360,56,103,,889454,c,incorrect,2019-11-20 23:20:55
2361,53,106,,889454,d,incorrect,2019-11-20 23:20:55
2364,56,104,,889454,a,incorrect,2019-11-20 23:21:03
2372,41,110,,889454,d,incorrect,2019-11-20 23:22:01
2376,37,110,,889454,d,incorrect,2019-11-20 23:22:17
2379,37,110,,889454,c,incorrect,2019-11-20 23:22:32
2380,37,110,,889454,b,incorrect,2019-11-20 23:22:37
2386,32,107,,889454,a,incorrect,2019-11-20 23:23:08
2390,40,110,,889454,c,incorrect,2019-11-20 23:23:20
2395,32,107,,889454,b,incorrect,2019-11-20 23:23:47
2406,41,110,,889454,b,incorrect,2019-11-20 23:24:56
2408,41,110,,889454,a,incorrect,2019-11-20 23:25:03
2410,32,113,,889454,a,incorrect,2019-11-20 23:25:12
2411,67,103,,889454,b,incorrect,2019-11-20 23:25:21
2413,67,104,,889454,d,incorrect,2019-11-20 23:25:29
2414,32,113,,889454,c,incorrect,2019-11-20 23:25:31
2416,67,103,,889454,a,incorrect,2019-11-20 23:25:34
2422,68,104,,889454,a,incorrect,2019-11-20 23:25:55
2429,34,113,,889454,b,incorrect,2019-11-20 23:26:20
2431,34,113,,889454,bd,incorrect,2019-11-20 23:26:26
2442,51,110,,889454,false,incorrect,2019-11-20 23:27:32
2443,71,104,,889454,b,incorrect,2019-11-20 23:27:42
2444,52,110,,889454,c,incorrect,2019-11-20 23:27:44
2447,52,110,,889454,a,incorrect,2019-11-20 23:27:52
2448,52,110,,889454,b,incorrect,2019-11-20 23:27:57
2449,53,110,,889454,c,incorrect,2019-11-20 23:28:12
2450,53,110,,889454,d,incorrect,2019-11-20 23:28:22
2453,53,110,,889454,a,incorrect,2019-11-20 23:28:29
2455,73,103,,889454,d,incorrect,2019-11-20 23:28:54
2456,73,104,,889454,a,incorrect,2019-11-20 23:28:58
2457,55,110,,889454,a,incorrect,2019-11-20 23:29:02
2459,55,110,,889454,b,incorrect,2019-11-20 23:29:07
2461,55,110,,889454,d,incorrect,2019-11-20 23:29:11
2462,56,110,,889454,c,incorrect,2019-11-20 23:29:26
2463,74,103,,889454,b,incorrect,2019-11-20 23:29:44
2468,31,115,,889454,b,incorrect,2019-11-20 23:30:06
2472,31,115,,889454,b,incorrect,2019-11-20 23:30:21
2474,60,110,,889454,a,incorrect,2019-11-20 23:30:33
2475,76,103,,889454,b,incorrect,2019-11-20 23:30:39
2476,60,110,,889454,b,incorrect,2019-11-20 23:30:40
2477,76,104,,889454,a,incorrect,2019-11-20 23:30:43
2478,60,110,,889454,c,incorrect,2019-11-20 23:30:44
2479,31,115,,889454,d,incorrect,2019-11-20 23:30:46
2484,61,110,,889454,d,incorrect,2019-11-20 23:31:04
2490,74,110,,889454,b,incorrect,2019-11-20 23:33:08
2492,74,110,,889454,d,incorrect,2019-11-20 23:33:30
2493,74,110,,889454,a,incorrect,2019-11-20 23:33:36
2495,74,110,,889454,c,incorrect,2019-11-20 23:33:49
2496,69,110,,889454,a,incorrect,2019-11-20 23:34:02
2499,68,110,,889454,d,incorrect,2019-11-20 23:34:28
2506,73,110,,889454,b,incorrect,2019-11-20 23:35:34
2507,73,110,,889454,d,incorrect,2019-11-20 23:35:42
2508,73,110,,889454,a,incorrect,2019-11-20 23:35:46
2518,31,116,,889454,b,incorrect,2019-11-20 23:42:02
2519,31,116,,889454,b,incorrect,2019-11-20 23:42:10
2521,31,116,,889454,d,incorrect,2019-11-20 23:42:19
2523,31,119,,889454,b,incorrect,2019-11-20 23:45:29
2524,31,119,,889454,b,incorrect,2019-11-20 23:45:43
2533,33,117,,889454,a,incorrect,2019-11-20 23:50:20
2534,33,117,,889454,"a, c",incorrect,2019-11-20 23:50:33
2536,34,117,,889454,b,incorrect,2019-11-20 23:51:04
2538,35,117,,889454,a,incorrect,2019-11-20 23:51:32
2540,35,117,,889454,b,incorrect,2019-11-20 23:52:08
2541,31,119,,889454,b,incorrect,2019-11-20 23:52:12
2542,35,117,,889454,c,incorrect,2019-11-20 23:52:23
2544,32,119,,889454,a,incorrect,2019-11-20 23:52:30
2546,33,119,,889454,b,incorrect,2019-11-20 23:52:50
2548,38,119,,889454,d,incorrect,2019-11-20 23:53:34
2549,38,119,,889454,b,incorrect,2019-11-20 23:53:41
2555,54,119,,889454,true,incorrect,2019-11-20 23:55:22
2559,40,119,,889454,b,incorrect,2019-11-20 23:56:02
2560,40,119,,889454,c,incorrect,2019-11-20 23:56:09
2562,36,119,,889454,b,incorrect,2019-11-20 23:56:37
2571,31,121,,889454,b,incorrect,2019-11-21 00:06:58
2574,33,121,,889454,d,incorrect,2019-11-21 00:07:45
2576,34,121,,889454,a,incorrect,2019-11-21 00:08:05
2577,34,121,,889454,c,incorrect,2019-11-21 00:08:34
2581,32,122,,889454,b,incorrect,2019-11-21 00:10:59
2586,33,122,,889454,a,incorrect,2019-11-21 00:13:33
2589,31,124,,131761,d,incorrect,2019-11-21 00:14:27
2590,31,124,,131761,c,incorrect,2019-11-21 00:15:26
2593,33,124,,131761,a,incorrect,2019-11-21 00:16:28
2595,78,37,,987089,,incorrect,2019-11-21 00:16:40
2616,31,127,,889454,b,incorrect,2019-11-21 00:29:16
2617,31,126,,889454,d,incorrect,2019-11-21 00:29:17
2624,33,126,,889454,a,incorrect,2019-11-21 00:31:28
2625,33,127,,889454,a,incorrect,2019-11-21 00:31:30
2628,31,129,,889454,c,incorrect,2019-11-21 00:32:52
2629,31,129,,889454,c,incorrect,2019-11-21 00:33:04
2631,31,129,,889454,b,incorrect,2019-11-21 00:33:17
2637,34,127,,889454,a,incorrect,2019-11-21 00:35:07
2639,34,126,,889454,b,incorrect,2019-11-21 00:35:08
2644,35,127,,889454,e,incorrect,2019-11-21 00:35:40
2645,52,124,,131761,b,incorrect,2019-11-21 00:35:43
2647,52,124,,131761,a,incorrect,2019-11-21 00:35:57
2650,33,129,,889454,b,incorrect,2019-11-21 00:36:17
2651,36,127,,889454,b,incorrect,2019-11-21 00:36:23
2654,36,126,,889454,a,incorrect,2019-11-21 00:36:40
2655,34,129,,889454,a,incorrect,2019-11-21 00:36:41
2658,34,129,,889454,b,incorrect,2019-11-21 00:36:48
2659,34,129,,889454,c,incorrect,2019-11-21 00:36:54
2661,37,126,,889454,d,incorrect,2019-11-21 00:37:02
2666,34,124,,131761,b,incorrect,2019-11-21 00:37:26
2668,37,129,,889454,b,incorrect,2019-11-21 00:37:29
2670,34,124,,131761,a,incorrect,2019-11-21 00:37:40
2672,37,129,,889454,c,incorrect,2019-11-21 00:37:42
2675,40,126,,889454,c,incorrect,2019-11-21 00:37:58
2676,40,126,,889454,d,incorrect,2019-11-21 00:38:13
2682,41,127,,889454,a,incorrect,2019-11-21 00:38:50
2687,74,124,,131761,d,incorrect,2019-11-21 00:39:11
2689,44,129,,889454,true,incorrect,2019-11-21 00:39:12
2706,37,124,,131761,d,incorrect,2019-11-21 00:41:21
2715,49,127,,889454,True,incorrect,2019-11-21 00:42:03
2717,73,124,,404672,d,incorrect,2019-11-21 00:42:10
2719,73,124,,404672,b,incorrect,2019-11-21 00:42:42
2720,73,124,,404672,a,incorrect,2019-11-21 00:43:16
2721,50,126,,889454,true,incorrect,2019-11-21 00:43:17
2723,51,126,,889454,false,incorrect,2019-11-21 00:43:52
2727,52,127,,889454,c,incorrect,2019-11-21 00:44:14
2728,52,126,,889454,a,incorrect,2019-11-21 00:44:22
2729,31,131,,889454,b,incorrect,2019-11-21 00:44:23
2730,52,127,,889454,b,incorrect,2019-11-21 00:44:36
2736,53,126,,889454,d,incorrect,2019-11-21 00:45:14
2737,34,131,,889454,c,incorrect,2019-11-21 00:45:20
2738,53,127,,889454,a,incorrect,2019-11-21 00:45:21
2743,33,132,,889454,a,incorrect,2019-11-21 00:45:36
2744,33,132,,889454,b,incorrect,2019-11-21 00:45:43
2745,33,132,,889454,d,incorrect,2019-11-21 00:45:56
2749,55,127,,889454,d,incorrect,2019-11-21 00:46:26
2751,36,131,,889454,b,incorrect,2019-11-21 00:46:35
2754,34,132,,889454,c,incorrect,2019-11-21 00:46:50
2755,34,132,,889454,a,incorrect,2019-11-21 00:47:02
2757,37,131,,889454,d,incorrect,2019-11-21 00:47:24
2789,66,126,,889454,b,incorrect,2019-11-21 00:50:33
2790,52,131,,889454,a,incorrect,2019-11-21 00:50:33
2792,66,126,,889454,d,incorrect,2019-11-21 00:50:39
2793,52,131,,889454,c,incorrect,2019-11-21 00:50:47
2794,52,131,,889454,b,incorrect,2019-11-21 00:50:54
2795,66,127,,889454,c,incorrect,2019-11-21 00:50:55
2800,68,127,,889454,b,incorrect,2019-11-21 00:51:22
2802,68,126,,889454,d,incorrect,2019-11-21 00:51:32
2803,53,131,,889454,d,incorrect,2019-11-21 00:51:36
2805,69,127,,889454,a,incorrect,2019-11-21 00:51:44
2806,53,131,,889454,a,incorrect,2019-11-21 00:51:46
2809,53,131,,889454,c,incorrect,2019-11-21 00:51:50
2817,73,126,,889454,d,incorrect,2019-11-21 00:52:56
2818,73,127,,889454,d,incorrect,2019-11-21 00:53:12
2819,73,126,,889454,a,incorrect,2019-11-21 00:53:13
2820,73,127,,889454,b,incorrect,2019-11-21 00:53:39
2826,75,126,,889454,b,incorrect,2019-11-21 00:54:47
2831,77,37,,196819,QmFzZTY0RW5jb2RpbmdJcO5vdEvuY3J5cHRpb25BbmRXaWxsTm90UHJvdGVjdEluZm9ybWF0aW9u,incorrect,2019-11-21 00:55:15
2836,78,37,,196819,,incorrect,2019-11-21 00:57:53
2837,79,37,,405960,,incorrect,2019-11-21 00:58:01
2838,35,124,,8421,c,incorrect,2019-11-21 00:58:09
2856,31,136,,889454,b,incorrect,2019-11-21 01:10:01
2858,32,136,,889454,b,incorrect,2019-11-21 01:10:24
2860,31,136,,889454,b,incorrect,2019-11-21 01:10:42
2863,33,136,,889454,d,incorrect,2019-11-21 01:11:17
2864,33,136,,889454,a,incorrect,2019-11-21 01:11:28
2865,33,136,,889454,b,incorrect,2019-11-21 01:11:34
2868,35,136,,889454,c,incorrect,2019-11-21 01:11:59
2869,35,136,,889454,a,incorrect,2019-11-21 01:12:10
2870,35,136,,889454,e,incorrect,2019-11-21 01:12:19
2871,35,136,,889454,b,incorrect,2019-11-21 01:12:26
2873,36,136,,889454,b,incorrect,2019-11-21 01:13:07
2885,42,136,,889454,fasle,incorrect,2019-11-21 01:15:33
2899,53,136,,889454,d,incorrect,2019-11-21 01:20:13
2900,53,136,,889454,c,incorrect,2019-11-21 01:20:33
2901,53,136,,889454,a,incorrect,2019-11-21 01:20:38
