{"results":[{"id":null,"title":"FAQ","route":"FAQ","content":"<style>\r\n\r\n.thumbnail {\r\n  max-width: 250px%;\r\n  max-height: 250px;\r\n}\r\n\r\n.lightbox {\r\n  display: none;\r\n\r\n  position: fixed;\r\n  z-index: 999;\r\n  width: 100%;\r\n  height: 100%;\r\n  text-align: center;\r\n  top: 0;\r\n  left: 0;\r\n  background: rgba(0,0,0,0.8);\r\n}\r\n\r\n.lightbox img {\r\n  max-width: 90%;\r\n  max-height: 80%;\r\n  margin-top: 2%;\r\n}\r\n\r\n.lightbox:target {\r\n  outline: none;\r\n  display: block;\r\n}\r\n\r\n.indented {\r\n  padding-left: 50pt;\r\n  padding-right: 50pt;\r\n}\r\n</style>\r\n\r\n<div>\r\n  <div>\r\n      <ol>\r\n      <li><p><b>What is this?</b></p><p>This is a Capture The Flag (CTF) game that is designed to give you hands on experience with application security by challenging you to exploit vulnerabilities in an intentionally insecure application.</p></li>\r\n      <li><p><b>How do I check my score and where I stand?</b></p><p>Got to the <a href='/scoreboard'>Scoreboard</a> tab to check out every participant's score.</p></li> \r\n      <li><p><b>How to I register for this CTF?</b></p><p>Go to <a href='/register'>Register</a>. Register an account by entering your details.</p></li>\r\n      <li><p><b>What happens after I register?</b></p><p>After you register, we will create an insecure web application for you.</p></li>\r\n        <div class='indented'>\r\n            <a href='#img2'>\r\n              <img src='' class='thumbnail'>\r\n            </a>\r\n            <a href='#_' class='lightbox' id='img2'>\r\n              <img src=''>\r\n            </a>\r\n        </div>\r\n  </div>\r\n</div>","draft":0,"hidden":0,"auth_required":0},{"id":null,"title":"Index","route":"index","content":"<div class=\"row\" style=\"background-image:url('//c1.sfdcstatic.com/content/dam/web/en_us/events-master/trailheadx-2019/illustrated-footer.png');\">\r\n    <div class=\"col-md-6 offset-md-3\" style=\"color:#032e61;\">\r\n        <img class=\"w-100 mx-auto d-block\" style=\"max-width: 300px;padding: 50px;padding-top: 14vh;\" src=\"https://c1.sfdcstatic.com/content/dam/web/en_us/www/images/home/logo-salesforce.svg\" />\r\n        <h3 class=\"text-center\">\r\n            <p>Welcome to RSAC Capture the Flag!</p>\r\n            <p>Registration is currently open.</p><br><br><br><br><br><br><br><br><br><br><br><br><br>\r\n        </h3>\r\n        <br>\r\n    </div>\r\n</div>\r\n","draft":0,"hidden":0,"auth_required":0}],"count":2}